Values, R:100000, C:1e-05, E:5
Time,Vc
0,0
0.001,0.0049975
0.002,0.00999001
0.003,0.0149775
0.004,0.0199601
0.005,0.0249376
0.006,0.0299102
0.007,0.0348778
0.008,0.0398404
0.009,0.0447981
0.01,0.0497508
0.011,0.0546986
0.012,0.0596414
0.013,0.0645793
0.014,0.0695123
0.015,0.0744403
0.016,0.0793634
0.017,0.0842816
0.018,0.0891948
0.019,0.0941032
0.02,0.0990066
0.021,0.103905
0.022,0.108799
0.023,0.113688
0.024,0.118571
0.025,0.12345
0.026,0.128325
0.027,0.133194
0.028,0.138058
0.029,0.142918
0.03,0.147772
0.031,0.152622
0.032,0.157467
0.033,0.162307
0.034,0.167142
0.035,0.171973
0.036,0.176799
0.037,0.181619
0.038,0.186435
0.039,0.191246
0.04,0.196053
0.041,0.200854
0.042,0.205651
0.043,0.210443
0.044,0.21523
0.045,0.220013
0.046,0.22479
0.047,0.229563
0.048,0.234331
0.049,0.239094
0.05,0.243853
0.051,0.248607
0.052,0.253356
0.053,0.2581
0.054,0.262839
0.055,0.267574
0.056,0.272304
0.057,0.27703
0.058,0.28175
0.059,0.286466
0.06,0.291177
0.061,0.295884
0.062,0.300586
0.063,0.305283
0.064,0.309975
0.065,0.314663
0.066,0.319346
0.067,0.324024
0.068,0.328698
0.069,0.333367
0.07,0.338031
0.071,0.342691
0.072,0.347346
0.073,0.351996
0.074,0.356642
0.075,0.361283
0.076,0.365919
0.077,0.370551
0.078,0.375178
0.079,0.3798
0.08,0.384418
0.081,0.389032
0.082,0.39364
0.083,0.398244
0.084,0.402844
0.085,0.407439
0.086,0.412029
0.087,0.416615
0.088,0.421196
0.089,0.425772
0.09,0.430344
0.091,0.434911
0.092,0.439474
0.093,0.444032
0.094,0.448586
0.095,0.453135
0.096,0.45768
0.097,0.46222
0.098,0.466755
0.099,0.471286
0.1,0.475813
0.101,0.480335
0.102,0.484852
0.103,0.489365
0.104,0.493874
0.105,0.498377
0.106,0.502877
0.107,0.507372
0.108,0.511862
0.109,0.516348
0.11,0.520829
0.111,0.525306
0.112,0.529779
0.113,0.534247
0.114,0.53871
0.115,0.543169
0.116,0.547624
0.117,0.552074
0.118,0.55652
0.119,0.560961
0.12,0.565398
0.121,0.56983
0.122,0.574258
0.123,0.578682
0.124,0.583101
0.125,0.587515
0.126,0.591926
0.127,0.596332
0.128,0.600733
0.129,0.60513
0.13,0.609523
0.131,0.613911
0.132,0.618295
0.133,0.622675
0.134,0.62705
0.135,0.63142
0.136,0.635787
0.137,0.640149
0.138,0.644507
0.139,0.64886
0.14,0.653209
0.141,0.657553
0.142,0.661894
0.143,0.66623
0.144,0.670561
0.145,0.674889
0.146,0.679211
0.147,0.68353
0.148,0.687844
0.149,0.692154
0.15,0.69646
0.151,0.700762
0.152,0.705059
0.153,0.709351
0.154,0.71364
0.155,0.717924
0.156,0.722204
0.157,0.72648
0.158,0.730751
0.159,0.735018
0.16,0.739281
0.161,0.74354
0.162,0.747794
0.163,0.752044
0.164,0.75629
0.165,0.760531
0.166,0.764769
0.167,0.769002
0.168,0.773231
0.169,0.777455
0.17,0.781676
0.171,0.785892
0.172,0.790104
0.173,0.794312
0.174,0.798516
0.175,0.802715
0.176,0.80691
0.177,0.811101
0.178,0.815288
0.179,0.819471
0.18,0.823649
0.181,0.827823
0.182,0.831993
0.183,0.836159
0.184,0.840321
0.185,0.844479
0.186,0.848632
0.187,0.852781
0.188,0.856926
0.189,0.861067
0.19,0.865204
0.191,0.869337
0.192,0.873466
0.193,0.87759
0.194,0.88171
0.195,0.885827
0.196,0.889939
0.197,0.894047
0.198,0.898151
0.199,0.902251
0.2,0.906346
0.201,0.910438
0.202,0.914525
0.203,0.918609
0.204,0.922688
0.205,0.926763
0.206,0.930835
0.207,0.934902
0.208,0.938965
0.209,0.943024
0.21,0.947079
0.211,0.95113
0.212,0.955177
0.213,0.959219
0.214,0.963258
0.215,0.967293
0.216,0.971323
0.217,0.97535
0.218,0.979373
0.219,0.983391
0.22,0.987406
0.221,0.991417
0.222,0.995423
0.223,0.999426
0.224,1.00342
0.225,1.00742
0.226,1.01141
0.227,1.0154
0.228,1.01938
0.229,1.02336
0.23,1.02733
0.231,1.0313
0.232,1.03527
0.233,1.03923
0.234,1.04319
0.235,1.04715
0.236,1.0511
0.237,1.05504
0.238,1.05899
0.239,1.06293
0.24,1.06686
0.241,1.07079
0.242,1.07472
0.243,1.07864
0.244,1.08256
0.245,1.08648
0.246,1.09039
0.247,1.0943
0.248,1.0982
0.249,1.1021
0.25,1.106
0.251,1.10989
0.252,1.11378
0.253,1.11766
0.254,1.12154
0.255,1.12542
0.256,1.12929
0.257,1.13316
0.258,1.13702
0.259,1.14088
0.26,1.14474
0.261,1.1486
0.262,1.15244
0.263,1.15629
0.264,1.16013
0.265,1.16397
0.266,1.1678
0.267,1.17163
0.268,1.17546
0.269,1.17928
0.27,1.1831
0.271,1.18692
0.272,1.19073
0.273,1.19454
0.274,1.19834
0.275,1.20214
0.276,1.20594
0.277,1.20973
0.278,1.21352
0.279,1.2173
0.28,1.22108
0.281,1.22486
0.282,1.22863
0.283,1.2324
0.284,1.23617
0.285,1.23993
0.286,1.24369
0.287,1.24744
0.288,1.25119
0.289,1.25494
0.29,1.25868
0.291,1.26242
0.292,1.26616
0.293,1.26989
0.294,1.27362
0.295,1.27734
0.296,1.28106
0.297,1.28478
0.298,1.28849
0.299,1.2922
0.3,1.29591
0.301,1.29961
0.302,1.30331
0.303,1.307
0.304,1.3107
0.305,1.31438
0.306,1.31807
0.307,1.32175
0.308,1.32542
0.309,1.3291
0.31,1.33277
0.311,1.33643
0.312,1.34009
0.313,1.34375
0.314,1.3474
0.315,1.35106
0.316,1.3547
0.317,1.35835
0.318,1.36199
0.319,1.36562
0.32,1.36925
0.321,1.37288
0.322,1.37651
0.323,1.38013
0.324,1.38375
0.325,1.38736
0.326,1.39097
0.327,1.39458
0.328,1.39818
0.329,1.40178
0.33,1.40538
0.331,1.40897
0.332,1.41256
0.333,1.41615
0.334,1.41973
0.335,1.42331
0.336,1.42688
0.337,1.43046
0.338,1.43402
0.339,1.43759
0.34,1.44115
0.341,1.44471
0.342,1.44826
0.343,1.45181
0.344,1.45536
0.345,1.4589
0.346,1.46244
0.347,1.46597
0.348,1.46951
0.349,1.47303
0.35,1.47656
0.351,1.48008
0.352,1.4836
0.353,1.48711
0.354,1.49063
0.355,1.49413
0.356,1.49764
0.357,1.50114
0.358,1.50463
0.359,1.50813
0.36,1.51162
0.361,1.51511
0.362,1.51859
0.363,1.52207
0.364,1.52554
0.365,1.52902
0.366,1.53249
0.367,1.53595
0.368,1.53941
0.369,1.54287
0.37,1.54633
0.371,1.54978
0.372,1.55323
0.373,1.55667
0.374,1.56012
0.375,1.56355
0.376,1.56699
0.377,1.57042
0.378,1.57385
0.379,1.57727
0.38,1.58069
0.381,1.58411
0.382,1.58752
0.383,1.59094
0.384,1.59434
0.385,1.59775
0.386,1.60115
0.387,1.60454
0.388,1.60794
0.389,1.61133
0.39,1.61472
0.391,1.6181
0.392,1.62148
0.393,1.62486
0.394,1.62823
0.395,1.6316
0.396,1.63497
0.397,1.63833
0.398,1.64169
0.399,1.64505
0.4,1.6484
0.401,1.65175
0.402,1.6551
0.403,1.65844
0.404,1.66178
0.405,1.66512
0.406,1.66845
0.407,1.67178
0.408,1.67511
0.409,1.67843
0.41,1.68175
0.411,1.68507
0.412,1.68838
0.413,1.69169
0.414,1.695
0.415,1.6983
0.416,1.7016
0.417,1.7049
0.418,1.70819
0.419,1.71148
0.42,1.71477
0.421,1.71805
0.422,1.72133
0.423,1.72461
0.424,1.72788
0.425,1.73115
0.426,1.73442
0.427,1.73768
0.428,1.74094
0.429,1.7442
0.43,1.74745
0.431,1.75071
0.432,1.75395
0.433,1.7572
0.434,1.76044
0.435,1.76368
0.436,1.76691
0.437,1.77014
0.438,1.77337
0.439,1.7766
0.44,1.77982
0.441,1.78304
0.442,1.78625
0.443,1.78946
0.444,1.79267
0.445,1.79588
0.446,1.79908
0.447,1.80228
0.448,1.80548
0.449,1.80867
0.45,1.81186
0.451,1.81505
0.452,1.81823
0.453,1.82141
0.454,1.82459
0.455,1.82776
0.456,1.83093
0.457,1.8341
0.458,1.83726
0.459,1.84042
0.46,1.84358
0.461,1.84674
0.462,1.84989
0.463,1.85304
0.464,1.85618
0.465,1.85932
0.466,1.86246
0.467,1.8656
0.468,1.86873
0.469,1.87186
0.47,1.87499
0.471,1.87811
0.472,1.88123
0.473,1.88435
0.474,1.88746
0.475,1.89057
0.476,1.89368
0.477,1.89679
0.478,1.89989
0.479,1.90299
0.48,1.90608
0.481,1.90918
0.482,1.91226
0.483,1.91535
0.484,1.91843
0.485,1.92151
0.486,1.92459
0.487,1.92766
0.488,1.93074
0.489,1.9338
0.49,1.93687
0.491,1.93993
0.492,1.94299
0.493,1.94604
0.494,1.9491
0.495,1.95215
0.496,1.95519
0.497,1.95824
0.498,1.96128
0.499,1.96431
0.5,1.96735
0.501,1.97038
0.502,1.97341
0.503,1.97643
0.504,1.97945
0.505,1.98247
0.506,1.98549
0.507,1.9885
0.508,1.99151
0.509,1.99452
0.51,1.99752
0.511,2.00052
0.512,2.00352
0.513,2.00652
0.514,2.00951
0.515,2.0125
0.516,2.01548
0.517,2.01847
0.518,2.02145
0.519,2.02442
0.52,2.0274
0.521,2.03037
0.522,2.03334
0.523,2.0363
0.524,2.03926
0.525,2.04222
0.526,2.04518
0.527,2.04813
0.528,2.05108
0.529,2.05403
0.53,2.05698
0.531,2.05992
0.532,2.06286
0.533,2.06579
0.534,2.06872
0.535,2.07165
0.536,2.07458
0.537,2.0775
0.538,2.08043
0.539,2.08334
0.54,2.08626
0.541,2.08917
0.542,2.09208
0.543,2.09499
0.544,2.09789
0.545,2.10079
0.546,2.10369
0.547,2.10658
0.548,2.10948
0.549,2.11236
0.55,2.11525
0.551,2.11813
0.552,2.12101
0.553,2.12389
0.554,2.12677
0.555,2.12964
0.556,2.13251
0.557,2.13537
0.558,2.13824
0.559,2.1411
0.56,2.14395
0.561,2.14681
0.562,2.14966
0.563,2.15251
0.564,2.15536
0.565,2.1582
0.566,2.16104
0.567,2.16388
0.568,2.16671
0.569,2.16954
0.57,2.17237
0.571,2.1752
0.572,2.17802
0.573,2.18084
0.574,2.18366
0.575,2.18648
0.576,2.18929
0.577,2.1921
0.578,2.1949
0.579,2.19771
0.58,2.20051
0.581,2.20331
0.582,2.2061
0.583,2.20889
0.584,2.21168
0.585,2.21447
0.586,2.21725
0.587,2.22004
0.588,2.22281
0.589,2.22559
0.59,2.22836
0.591,2.23113
0.592,2.2339
0.593,2.23667
0.594,2.23943
0.595,2.24219
0.596,2.24494
0.597,2.2477
0.598,2.25045
0.599,2.2532
0.6,2.25594
0.601,2.25868
0.602,2.26142
0.603,2.26416
0.604,2.2669
0.605,2.26963
0.606,2.27236
0.607,2.27508
0.608,2.27781
0.609,2.28053
0.61,2.28325
0.611,2.28596
0.612,2.28867
0.613,2.29138
0.614,2.29409
0.615,2.2968
0.616,2.2995
0.617,2.3022
0.618,2.30489
0.619,2.30759
0.62,2.31028
0.621,2.31297
0.622,2.31565
0.623,2.31833
0.624,2.32102
0.625,2.32369
0.626,2.32637
0.627,2.32904
0.628,2.33171
0.629,2.33438
0.63,2.33704
0.631,2.3397
0.632,2.34236
0.633,2.34502
0.634,2.34767
0.635,2.35032
0.636,2.35297
0.637,2.35562
0.638,2.35826
0.639,2.3609
0.64,2.36354
0.641,2.36617
0.642,2.36881
0.643,2.37144
0.644,2.37406
0.645,2.37669
0.646,2.37931
0.647,2.38193
0.648,2.38455
0.649,2.38716
0.65,2.38977
0.651,2.39238
0.652,2.39499
0.653,2.39759
0.654,2.40019
0.655,2.40279
0.656,2.40539
0.657,2.40798
0.658,2.41057
0.659,2.41316
0.66,2.41574
0.661,2.41833
0.662,2.42091
0.663,2.42348
0.664,2.42606
0.665,2.42863
0.666,2.4312
0.667,2.43377
0.668,2.43633
0.669,2.4389
0.67,2.44146
0.671,2.44401
0.672,2.44657
0.673,2.44912
0.674,2.45167
0.675,2.45422
0.676,2.45676
0.677,2.4593
0.678,2.46184
0.679,2.46438
0.68,2.46692
0.681,2.46945
0.682,2.47198
0.683,2.4745
0.684,2.47703
0.685,2.47955
0.686,2.48207
0.687,2.48458
0.688,2.4871
0.689,2.48961
0.69,2.49212
0.691,2.49463
0.692,2.49713
0.693,2.49963
0.694,2.50213
0.695,2.50463
0.696,2.50712
0.697,2.50961
0.698,2.5121
0.699,2.51459
0.7,2.51707
0.701,2.51956
0.702,2.52203
0.703,2.52451
0.704,2.52699
0.705,2.52946
0.706,2.53193
0.707,2.53439
0.708,2.53686
0.709,2.53932
0.71,2.54178
0.711,2.54424
0.712,2.54669
0.713,2.54914
0.714,2.55159
0.715,2.55404
0.716,2.55648
0.717,2.55893
0.718,2.56137
0.719,2.5638
0.72,2.56624
0.721,2.56867
0.722,2.5711
0.723,2.57353
0.724,2.57595
0.725,2.57838
0.726,2.5808
0.727,2.58322
0.728,2.58563
0.729,2.58804
0.73,2.59046
0.731,2.59286
0.732,2.59527
0.733,2.59767
0.734,2.60007
0.735,2.60247
0.736,2.60487
0.737,2.60726
0.738,2.60965
0.739,2.61204
0.74,2.61443
0.741,2.61681
0.742,2.6192
0.743,2.62158
0.744,2.62395
0.745,2.62633
0.746,2.6287
0.747,2.63107
0.748,2.63344
0.749,2.6358
0.75,2.63817
0.751,2.64053
0.752,2.64289
0.753,2.64524
0.754,2.6476
0.755,2.64995
0.756,2.6523
0.757,2.65464
0.758,2.65699
0.759,2.65933
0.76,2.66167
0.761,2.66401
0.762,2.66634
0.763,2.66867
0.764,2.671
0.765,2.67333
0.766,2.67566
0.767,2.67798
0.768,2.6803
0.769,2.68262
0.77,2.68493
0.771,2.68725
0.772,2.68956
0.773,2.69187
0.774,2.69418
0.775,2.69648
0.776,2.69878
0.777,2.70108
0.778,2.70338
0.779,2.70568
0.78,2.70797
0.781,2.71026
0.782,2.71255
0.783,2.71484
0.784,2.71712
0.785,2.7194
0.786,2.72168
0.787,2.72396
0.788,2.72623
0.789,2.72851
0.79,2.73078
0.791,2.73304
0.792,2.73531
0.793,2.73757
0.794,2.73983
0.795,2.74209
0.796,2.74435
0.797,2.74661
0.798,2.74886
0.799,2.75111
0.8,2.75336
0.801,2.7556
0.802,2.75784
0.803,2.76009
0.804,2.76232
0.805,2.76456
0.806,2.76679
0.807,2.76903
0.808,2.77126
0.809,2.77348
0.81,2.77571
0.811,2.77793
0.812,2.78015
0.813,2.78237
0.814,2.78459
0.815,2.7868
0.816,2.78902
0.817,2.79123
0.818,2.79343
0.819,2.79564
0.82,2.79784
0.821,2.80004
0.822,2.80224
0.823,2.80444
0.824,2.80663
0.825,2.80883
0.826,2.81102
0.827,2.8132
0.828,2.81539
0.829,2.81757
0.83,2.81975
0.831,2.82193
0.832,2.82411
0.833,2.82628
0.834,2.82846
0.835,2.83063
0.836,2.8328
0.837,2.83496
0.838,2.83713
0.839,2.83929
0.84,2.84145
0.841,2.8436
0.842,2.84576
0.843,2.84791
0.844,2.85006
0.845,2.85221
0.846,2.85436
0.847,2.8565
0.848,2.85865
0.849,2.86079
0.85,2.86293
0.851,2.86506
0.852,2.8672
0.853,2.86933
0.854,2.87146
0.855,2.87358
0.856,2.87571
0.857,2.87783
0.858,2.87995
0.859,2.88207
0.86,2.88419
0.861,2.8863
0.862,2.88842
0.863,2.89053
0.864,2.89264
0.865,2.89474
0.866,2.89685
0.867,2.89895
0.868,2.90105
0.869,2.90315
0.87,2.90524
0.871,2.90734
0.872,2.90943
0.873,2.91152
0.874,2.9136
0.875,2.91569
0.876,2.91777
0.877,2.91985
0.878,2.92193
0.879,2.92401
0.88,2.92609
0.881,2.92816
0.882,2.93023
0.883,2.9323
0.884,2.93436
0.885,2.93643
0.886,2.93849
0.887,2.94055
0.888,2.94261
0.889,2.94467
0.89,2.94672
0.891,2.94877
0.892,2.95082
0.893,2.95287
0.894,2.95492
0.895,2.95696
0.896,2.959
0.897,2.96104
0.898,2.96308
0.899,2.96512
0.9,2.96715
0.901,2.96918
0.902,2.97121
0.903,2.97324
0.904,2.97527
0.905,2.97729
0.906,2.97931
0.907,2.98133
0.908,2.98335
0.909,2.98537
0.91,2.98738
0.911,2.98939
0.912,2.9914
0.913,2.99341
0.914,2.99541
0.915,2.99742
0.916,2.99942
0.917,3.00142
0.918,3.00342
0.919,3.00541
0.92,3.0074
0.921,3.0094
0.922,3.01139
0.923,3.01337
0.924,3.01536
0.925,3.01734
0.926,3.01932
0.927,3.0213
0.928,3.02328
0.929,3.02526
0.93,3.02723
0.931,3.0292
0.932,3.03117
0.933,3.03314
0.934,3.03511
0.935,3.03707
0.936,3.03903
0.937,3.04099
0.938,3.04295
0.939,3.04491
0.94,3.04686
0.941,3.04881
0.942,3.05076
0.943,3.05271
0.944,3.05466
0.945,3.0566
0.946,3.05854
0.947,3.06049
0.948,3.06242
0.949,3.06436
0.95,3.06629
0.951,3.06823
0.952,3.07016
0.953,3.07209
0.954,3.07401
0.955,3.07594
0.956,3.07786
0.957,3.07978
0.958,3.0817
0.959,3.08362
0.96,3.08554
0.961,3.08745
0.962,3.08936
0.963,3.09127
0.964,3.09318
0.965,3.09508
0.966,3.09699
0.967,3.09889
0.968,3.10079
0.969,3.10269
0.97,3.10458
0.971,3.10648
0.972,3.10837
0.973,3.11026
0.974,3.11215
0.975,3.11404
0.976,3.11592
0.977,3.11781
0.978,3.11969
0.979,3.12157
0.98,3.12344
0.981,3.12532
0.982,3.12719
0.983,3.12907
0.984,3.13094
0.985,3.1328
0.986,3.13467
0.987,3.13653
0.988,3.1384
0.989,3.14026
0.99,3.14212
0.991,3.14397
0.992,3.14583
0.993,3.14768
0.994,3.14953
0.995,3.15138
0.996,3.15323
0.997,3.15508
0.998,3.15692
0.999,3.15876
1,3.1606
1.001,3.16244
1.002,3.16428
1.003,3.16611
1.004,3.16795
1.005,3.16978
1.006,3.17161
1.007,3.17343
1.008,3.17526
1.009,3.17708
1.01,3.17891
1.011,3.18073
1.012,3.18254
1.013,3.18436
1.014,3.18617
1.015,3.18799
1.016,3.1898
1.017,3.19161
1.018,3.19342
1.019,3.19522
1.02,3.19703
1.021,3.19883
1.022,3.20063
1.023,3.20243
1.024,3.20422
1.025,3.20602
1.026,3.20781
1.027,3.2096
1.028,3.21139
1.029,3.21318
1.03,3.21497
1.031,3.21675
1.032,3.21853
1.033,3.22031
1.034,3.22209
1.035,3.22387
1.036,3.22564
1.037,3.22742
1.038,3.22919
1.039,3.23096
1.04,3.23273
1.041,3.23449
1.042,3.23626
1.043,3.23802
1.044,3.23978
1.045,3.24154
1.046,3.2433
1.047,3.24505
1.048,3.24681
1.049,3.24856
1.05,3.25031
1.051,3.25206
1.052,3.25381
1.053,3.25555
1.054,3.2573
1.055,3.25904
1.056,3.26078
1.057,3.26252
1.058,3.26425
1.059,3.26599
1.06,3.26772
1.061,3.26945
1.062,3.27118
1.063,3.27291
1.064,3.27464
1.065,3.27636
1.066,3.27808
1.067,3.2798
1.068,3.28152
1.069,3.28324
1.07,3.28496
1.071,3.28667
1.072,3.28838
1.073,3.29009
1.074,3.2918
1.075,3.29351
1.076,3.29522
1.077,3.29692
1.078,3.29862
1.079,3.30032
1.08,3.30202
1.081,3.30372
1.082,3.30541
1.083,3.30711
1.084,3.3088
1.085,3.31049
1.086,3.31218
1.087,3.31387
1.088,3.31555
1.089,3.31724
1.09,3.31892
1.091,3.3206
1.092,3.32228
1.093,3.32395
1.094,3.32563
1.095,3.3273
1.096,3.32897
1.097,3.33064
1.098,3.33231
1.099,3.33398
1.1,3.33564
1.101,3.33731
1.102,3.33897
1.103,3.34063
1.104,3.34229
1.105,3.34395
1.106,3.3456
1.107,3.34725
1.108,3.34891
1.109,3.35056
1.11,3.35221
1.111,3.35385
1.112,3.3555
1.113,3.35714
1.114,3.35878
1.115,3.36042
1.116,3.36206
1.117,3.3637
1.118,3.36533
1.119,3.36697
1.12,3.3686
1.121,3.37023
1.122,3.37186
1.123,3.37349
1.124,3.37511
1.125,3.37674
1.126,3.37836
1.127,3.37998
1.128,3.3816
1.129,3.38322
1.13,3.38483
1.131,3.38645
1.132,3.38806
1.133,3.38967
1.134,3.39128
1.135,3.39289
1.136,3.3945
1.137,3.3961
1.138,3.3977
1.139,3.3993
1.14,3.4009
1.141,3.4025
1.142,3.4041
1.143,3.40569
1.144,3.40729
1.145,3.40888
1.146,3.41047
1.147,3.41206
1.148,3.41365
1.149,3.41523
1.15,3.41682
1.151,3.4184
1.152,3.41998
1.153,3.42156
1.154,3.42314
1.155,3.42471
1.156,3.42629
1.157,3.42786
1.158,3.42943
1.159,3.431
1.16,3.43257
1.161,3.43414
1.162,3.4357
1.163,3.43726
1.164,3.43883
1.165,3.44039
1.166,3.44195
1.167,3.4435
1.168,3.44506
1.169,3.44661
1.17,3.44817
1.171,3.44972
1.172,3.45127
1.173,3.45281
1.174,3.45436
1.175,3.45591
1.176,3.45745
1.177,3.45899
1.178,3.46053
1.179,3.46207
1.18,3.46361
1.181,3.46514
1.182,3.46668
1.183,3.46821
1.184,3.46974
1.185,3.47127
1.186,3.4728
1.187,3.47432
1.188,3.47585
1.189,3.47737
1.19,3.47889
1.191,3.48041
1.192,3.48193
1.193,3.48345
1.194,3.48497
1.195,3.48648
1.196,3.48799
1.197,3.4895
1.198,3.49101
1.199,3.49252
1.2,3.49403
1.201,3.49553
1.202,3.49704
1.203,3.49854
1.204,3.50004
1.205,3.50154
1.206,3.50304
1.207,3.50453
1.208,3.50603
1.209,3.50752
1.21,3.50901
1.211,3.5105
1.212,3.51199
1.213,3.51348
1.214,3.51497
1.215,3.51645
1.216,3.51793
1.217,3.51941
1.218,3.52089
1.219,3.52237
1.22,3.52385
1.221,3.52532
1.222,3.5268
1.223,3.52827
1.224,3.52974
1.225,3.53121
1.226,3.53268
1.227,3.53415
1.228,3.53561
1.229,3.53707
1.23,3.53854
1.231,3.54
1.232,3.54146
1.233,3.54291
1.234,3.54437
1.235,3.54583
1.236,3.54728
1.237,3.54873
1.238,3.55018
1.239,3.55163
1.24,3.55308
1.241,3.55453
1.242,3.55597
1.243,3.55741
1.244,3.55886
1.245,3.5603
1.246,3.56173
1.247,3.56317
1.248,3.56461
1.249,3.56604
1.25,3.56748
1.251,3.56891
1.252,3.57034
1.253,3.57177
1.254,3.57319
1.255,3.57462
1.256,3.57605
1.257,3.57747
1.258,3.57889
1.259,3.58031
1.26,3.58173
1.261,3.58315
1.262,3.58456
1.263,3.58598
1.264,3.58739
1.265,3.5888
1.266,3.59021
1.267,3.59162
1.268,3.59303
1.269,3.59444
1.27,3.59584
1.271,3.59725
1.272,3.59865
1.273,3.60005
1.274,3.60145
1.275,3.60285
1.276,3.60424
1.277,3.60564
1.278,3.60703
1.279,3.60842
1.28,3.60981
1.281,3.6112
1.282,3.61259
1.283,3.61398
1.284,3.61536
1.285,3.61675
1.286,3.61813
1.287,3.61951
1.288,3.62089
1.289,3.62227
1.29,3.62365
1.291,3.62502
1.292,3.6264
1.293,3.62777
1.294,3.62914
1.295,3.63051
1.296,3.63188
1.297,3.63325
1.298,3.63461
1.299,3.63598
1.3,3.63734
1.301,3.6387
1.302,3.64006
1.303,3.64142
1.304,3.64278
1.305,3.64414
1.306,3.64549
1.307,3.64685
1.308,3.6482
1.309,3.64955
1.31,3.6509
1.311,3.65225
1.312,3.6536
1.313,3.65494
1.314,3.65629
1.315,3.65763
1.316,3.65897
1.317,3.66031
1.318,3.66165
1.319,3.66299
1.32,3.66432
1.321,3.66566
1.322,3.66699
1.323,3.66832
1.324,3.66966
1.325,3.67099
1.326,3.67231
1.327,3.67364
1.328,3.67497
1.329,3.67629
1.33,3.67761
1.331,3.67894
1.332,3.68026
1.333,3.68157
1.334,3.68289
1.335,3.68421
1.336,3.68552
1.337,3.68684
1.338,3.68815
1.339,3.68946
1.34,3.69077
1.341,3.69208
1.342,3.69339
1.343,3.69469
1.344,3.696
1.345,3.6973
1.346,3.6986
1.347,3.6999
1.348,3.7012
1.349,3.7025
1.35,3.7038
1.351,3.70509
1.352,3.70639
1.353,3.70768
1.354,3.70897
1.355,3.71026
1.356,3.71155
1.357,3.71284
1.358,3.71413
1.359,3.71541
1.36,3.7167
1.361,3.71798
1.362,3.71926
1.363,3.72054
1.364,3.72182
1.365,3.7231
1.366,3.72437
1.367,3.72565
1.368,3.72692
1.369,3.72819
1.37,3.72947
1.371,3.73074
1.372,3.732
1.373,3.73327
1.374,3.73454
1.375,3.7358
1.376,3.73707
1.377,3.73833
1.378,3.73959
1.379,3.74085
1.38,3.74211
1.381,3.74336
1.382,3.74462
1.383,3.74588
1.384,3.74713
1.385,3.74838
1.386,3.74963
1.387,3.75088
1.388,3.75213
1.389,3.75338
1.39,3.75462
1.391,3.75587
1.392,3.75711
1.393,3.75835
1.394,3.7596
1.395,3.76083
1.396,3.76207
1.397,3.76331
1.398,3.76455
1.399,3.76578
1.4,3.76702
1.401,3.76825
1.402,3.76948
1.403,3.77071
1.404,3.77194
1.405,3.77316
1.406,3.77439
1.407,3.77562
1.408,3.77684
1.409,3.77806
1.41,3.77928
1.411,3.7805
1.412,3.78172
1.413,3.78294
1.414,3.78416
1.415,3.78537
1.416,3.78659
1.417,3.7878
1.418,3.78901
1.419,3.79022
1.42,3.79143
1.421,3.79264
1.422,3.79384
1.423,3.79505
1.424,3.79625
1.425,3.79746
1.426,3.79866
1.427,3.79986
1.428,3.80106
1.429,3.80226
1.43,3.80346
1.431,3.80465
1.432,3.80585
1.433,3.80704
1.434,3.80823
1.435,3.80942
1.436,3.81061
1.437,3.8118
1.438,3.81299
1.439,3.81418
1.44,3.81536
1.441,3.81655
1.442,3.81773
1.443,3.81891
1.444,3.82009
1.445,3.82127
1.446,3.82245
1.447,3.82362
1.448,3.8248
1.449,3.82598
1.45,3.82715
1.451,3.82832
1.452,3.82949
1.453,3.83066
1.454,3.83183
1.455,3.833
1.456,3.83416
1.457,3.83533
1.458,3.83649
1.459,3.83766
1.46,3.83882
1.461,3.83998
1.462,3.84114
1.463,3.8423
1.464,3.84345
1.465,3.84461
1.466,3.84576
1.467,3.84692
1.468,3.84807
1.469,3.84922
1.47,3.85037
1.471,3.85152
1.472,3.85267
1.473,3.85382
1.474,3.85496
1.475,3.85611
1.476,3.85725
1.477,3.85839
1.478,3.85953
1.479,3.86067
1.48,3.86181
1.481,3.86295
1.482,3.86409
1.483,3.86522
1.484,3.86636
1.485,3.86749
1.486,3.86862
1.487,3.86975
1.488,3.87088
1.489,3.87201
1.49,3.87314
1.491,3.87426
1.492,3.87539
1.493,3.87651
1.494,3.87764
1.495,3.87876
1.496,3.87988
1.497,3.881
1.498,3.88212
1.499,3.88323
1.5,3.88435
1.501,3.88546
1.502,3.88658
1.503,3.88769
1.504,3.8888
1.505,3.88991
1.506,3.89102
1.507,3.89213
1.508,3.89324
1.509,3.89435
1.51,3.89545
1.511,3.89655
1.512,3.89766
1.513,3.89876
1.514,3.89986
1.515,3.90096
1.516,3.90206
1.517,3.90315
1.518,3.90425
1.519,3.90535
1.52,3.90644
1.521,3.90753
1.522,3.90863
1.523,3.90972
1.524,3.91081
1.525,3.91189
1.526,3.91298
1.527,3.91407
1.528,3.91515
1.529,3.91624
1.53,3.91732
1.531,3.9184
1.532,3.91948
1.533,3.92056
1.534,3.92164
1.535,3.92272
1.536,3.9238
1.537,3.92487
1.538,3.92595
1.539,3.92702
1.54,3.92809
1.541,3.92917
1.542,3.93024
1.543,3.93131
1.544,3.93237
1.545,3.93344
1.546,3.93451
1.547,3.93557
1.548,3.93664
1.549,3.9377
1.55,3.93876
1.551,3.93982
1.552,3.94088
1.553,3.94194
1.554,3.943
1.555,3.94405
1.556,3.94511
1.557,3.94616
1.558,3.94722
1.559,3.94827
1.56,3.94932
1.561,3.95037
1.562,3.95142
1.563,3.95247
1.564,3.95351
1.565,3.95456
1.566,3.9556
1.567,3.95665
1.568,3.95769
1.569,3.95873
1.57,3.95977
1.571,3.96081
1.572,3.96185
1.573,3.96289
1.574,3.96393
1.575,3.96496
1.576,3.966
1.577,3.96703
1.578,3.96806
1.579,3.96909
1.58,3.97012
1.581,3.97115
1.582,3.97218
1.583,3.97321
1.584,3.97424
1.585,3.97526
1.586,3.97629
1.587,3.97731
1.588,3.97833
1.589,3.97935
1.59,3.98037
1.591,3.98139
1.592,3.98241
1.593,3.98343
1.594,3.98444
1.595,3.98546
1.596,3.98647
1.597,3.98748
1.598,3.9885
1.599,3.98951
1.6,3.99052
1.601,3.99153
1.602,3.99253
1.603,3.99354
1.604,3.99455
1.605,3.99555
1.606,3.99656
1.607,3.99756
1.608,3.99856
1.609,3.99956
1.61,4.00056
1.611,4.00156
1.612,4.00256
1.613,4.00356
1.614,4.00455
1.615,4.00555
1.616,4.00654
1.617,4.00753
1.618,4.00853
1.619,4.00952
1.62,4.01051
1.621,4.0115
1.622,4.01248
1.623,4.01347
1.624,4.01446
1.625,4.01544
1.626,4.01643
1.627,4.01741
1.628,4.01839
1.629,4.01937
1.63,4.02035
1.631,4.02133
1.632,4.02231
1.633,4.02329
1.634,4.02426
1.635,4.02524
1.636,4.02621
1.637,4.02719
1.638,4.02816
1.639,4.02913
1.64,4.0301
1.641,4.03107
1.642,4.03204
1.643,4.03301
1.644,4.03397
1.645,4.03494
1.646,4.0359
1.647,4.03687
1.648,4.03783
1.649,4.03879
1.65,4.03975
1.651,4.04071
1.652,4.04167
1.653,4.04263
1.654,4.04358
1.655,4.04454
1.656,4.04549
1.657,4.04645
1.658,4.0474
1.659,4.04835
1.66,4.04931
1.661,4.05026
1.662,4.0512
1.663,4.05215
1.664,4.0531
1.665,4.05405
1.666,4.05499
1.667,4.05594
1.668,4.05688
1.669,4.05782
1.67,4.05876
1.671,4.05971
1.672,4.06065
1.673,4.06158
1.674,4.06252
1.675,4.06346
1.676,4.0644
1.677,4.06533
1.678,4.06626
1.679,4.0672
1.68,4.06813
1.681,4.06906
1.682,4.06999
1.683,4.07092
1.684,4.07185
1.685,4.07278
1.686,4.0737
1.687,4.07463
1.688,4.07556
1.689,4.07648
1.69,4.0774
1.691,4.07832
1.692,4.07925
1.693,4.08017
1.694,4.08109
1.695,4.082
1.696,4.08292
1.697,4.08384
1.698,4.08475
1.699,4.08567
1.7,4.08658
1.701,4.0875
1.702,4.08841
1.703,4.08932
1.704,4.09023
1.705,4.09114
1.706,4.09205
1.707,4.09295
1.708,4.09386
1.709,4.09477
1.71,4.09567
1.711,4.09657
1.712,4.09748
1.713,4.09838
1.714,4.09928
1.715,4.10018
1.716,4.10108
1.717,4.10198
1.718,4.10288
1.719,4.10377
1.72,4.10467
1.721,4.10556
1.722,4.10646
1.723,4.10735
1.724,4.10824
1.725,4.10913
1.726,4.11003
1.727,4.11091
1.728,4.1118
1.729,4.11269
1.73,4.11358
1.731,4.11446
1.732,4.11535
1.733,4.11623
1.734,4.11712
1.735,4.118
1.736,4.11888
1.737,4.11976
1.738,4.12064
1.739,4.12152
1.74,4.1224
1.741,4.12328
1.742,4.12415
1.743,4.12503
1.744,4.1259
1.745,4.12678
1.746,4.12765
1.747,4.12852
1.748,4.12939
1.749,4.13026
1.75,4.13113
1.751,4.132
1.752,4.13287
1.753,4.13373
1.754,4.1346
1.755,4.13546
1.756,4.13633
1.757,4.13719
1.758,4.13805
1.759,4.13892
1.76,4.13978
1.761,4.14064
1.762,4.14149
1.763,4.14235
1.764,4.14321
1.765,4.14407
1.766,4.14492
1.767,4.14578
1.768,4.14663
1.769,4.14748
1.77,4.14834
1.771,4.14919
1.772,4.15004
1.773,4.15089
1.774,4.15173
1.775,4.15258
1.776,4.15343
1.777,4.15428
1.778,4.15512
1.779,4.15597
1.78,4.15681
1.781,4.15765
1.782,4.15849
1.783,4.15934
1.784,4.16018
1.785,4.16101
1.786,4.16185
1.787,4.16269
1.788,4.16353
1.789,4.16436
1.79,4.1652
1.791,4.16603
1.792,4.16687
1.793,4.1677
1.794,4.16853
1.795,4.16936
1.796,4.17019
1.797,4.17102
1.798,4.17185
1.799,4.17268
1.8,4.17351
1.801,4.17433
1.802,4.17516
1.803,4.17598
1.804,4.1768
1.805,4.17763
1.806,4.17845
1.807,4.17927
1.808,4.18009
1.809,4.18091
1.81,4.18173
1.811,4.18255
1.812,4.18336
1.813,4.18418
1.814,4.185
1.815,4.18581
1.816,4.18662
1.817,4.18744
1.818,4.18825
1.819,4.18906
1.82,4.18987
1.821,4.19068
1.822,4.19149
1.823,4.1923
1.824,4.19311
1.825,4.19391
1.826,4.19472
1.827,4.19552
1.828,4.19633
1.829,4.19713
1.83,4.19793
1.831,4.19873
1.832,4.19953
1.833,4.20033
1.834,4.20113
1.835,4.20193
1.836,4.20273
1.837,4.20353
1.838,4.20432
1.839,4.20512
1.84,4.20591
1.841,4.20671
1.842,4.2075
1.843,4.20829
1.844,4.20908
1.845,4.20987
1.846,4.21066
1.847,4.21145
1.848,4.21224
1.849,4.21303
1.85,4.21381
1.851,4.2146
1.852,4.21538
1.853,4.21617
1.854,4.21695
1.855,4.21774
1.856,4.21852
1.857,4.2193
1.858,4.22008
1.859,4.22086
1.86,4.22164
1.861,4.22241
1.862,4.22319
1.863,4.22397
1.864,4.22474
1.865,4.22552
1.866,4.22629
1.867,4.22707
1.868,4.22784
1.869,4.22861
1.87,4.22938
1.871,4.23015
1.872,4.23092
1.873,4.23169
1.874,4.23246
1.875,4.23323
1.876,4.23399
1.877,4.23476
1.878,4.23552
1.879,4.23629
1.88,4.23705
1.881,4.23781
1.882,4.23857
1.883,4.23933
1.884,4.2401
1.885,4.24085
1.886,4.24161
1.887,4.24237
1.888,4.24313
1.889,4.24389
1.89,4.24464
1.891,4.2454
1.892,4.24615
1.893,4.2469
1.894,4.24766
1.895,4.24841
1.896,4.24916
1.897,4.24991
1.898,4.25066
1.899,4.25141
1.9,4.25216
1.901,4.2529
1.902,4.25365
1.903,4.2544
1.904,4.25514
1.905,4.25589
1.906,4.25663
1.907,4.25737
1.908,4.25812
1.909,4.25886
1.91,4.2596
1.911,4.26034
1.912,4.26108
1.913,4.26182
1.914,4.26255
1.915,4.26329
1.916,4.26403
1.917,4.26476
1.918,4.2655
1.919,4.26623
1.92,4.26697
1.921,4.2677
1.922,4.26843
1.923,4.26916
1.924,4.26989
1.925,4.27062
1.926,4.27135
1.927,4.27208
1.928,4.27281
1.929,4.27353
1.93,4.27426
1.931,4.27498
1.932,4.27571
1.933,4.27643
1.934,4.27716
1.935,4.27788
1.936,4.2786
1.937,4.27932
1.938,4.28004
1.939,4.28076
1.94,4.28148
1.941,4.2822
1.942,4.28292
1.943,4.28363
1.944,4.28435
1.945,4.28506
1.946,4.28578
1.947,4.28649
1.948,4.28721
1.949,4.28792
1.95,4.28863
1.951,4.28934
1.952,4.29005
1.953,4.29076
1.954,4.29147
1.955,4.29218
1.956,4.29289
1.957,4.29359
1.958,4.2943
1.959,4.295
1.96,4.29571
1.961,4.29641
1.962,4.29712
1.963,4.29782
1.964,4.29852
1.965,4.29922
1.966,4.29992
1.967,4.30062
1.968,4.30132
1.969,4.30202
1.97,4.30272
1.971,4.30341
1.972,4.30411
1.973,4.3048
1.974,4.3055
1.975,4.30619
1.976,4.30689
1.977,4.30758
1.978,4.30827
1.979,4.30896
1.98,4.30965
1.981,4.31034
1.982,4.31103
1.983,4.31172
1.984,4.31241
1.985,4.3131
1.986,4.31378
1.987,4.31447
1.988,4.31515
1.989,4.31584
1.99,4.31652
1.991,4.31721
1.992,4.31789
1.993,4.31857
1.994,4.31925
1.995,4.31993
1.996,4.32061
1.997,4.32129
1.998,4.32197
1.999,4.32265
2,4.32332
2.001,4.324
2.002,4.32468
2.003,4.32535
2.004,4.32602
2.005,4.3267
2.006,4.32737
2.007,4.32804
2.008,4.32872
2.009,4.32939
2.01,4.33006
2.011,4.33073
2.012,4.3314
2.013,4.33206
2.014,4.33273
2.015,4.3334
2.016,4.33406
2.017,4.33473
2.018,4.33539
2.019,4.33606
2.02,4.33672
2.021,4.33739
2.022,4.33805
2.023,4.33871
2.024,4.33937
2.025,4.34003
2.026,4.34069
2.027,4.34135
2.028,4.34201
2.029,4.34267
2.03,4.34332
2.031,4.34398
2.032,4.34463
2.033,4.34529
2.034,4.34594
2.035,4.3466
2.036,4.34725
2.037,4.3479
2.038,4.34855
2.039,4.34921
2.04,4.34986
2.041,4.35051
2.042,4.35116
2.043,4.3518
2.044,4.35245
2.045,4.3531
2.046,4.35375
2.047,4.35439
2.048,4.35504
2.049,4.35568
2.05,4.35633
2.051,4.35697
2.052,4.35761
2.053,4.35825
2.054,4.3589
2.055,4.35954
2.056,4.36018
2.057,4.36082
2.058,4.36145
2.059,4.36209
2.06,4.36273
2.061,4.36337
2.062,4.364
2.063,4.36464
2.064,4.36527
2.065,4.36591
2.066,4.36654
2.067,4.36718
2.068,4.36781
2.069,4.36844
2.07,4.36907
2.071,4.3697
2.072,4.37033
2.073,4.37096
2.074,4.37159
2.075,4.37222
2.076,4.37285
2.077,4.37347
2.078,4.3741
2.079,4.37472
2.08,4.37535
2.081,4.37597
2.082,4.3766
2.083,4.37722
2.084,4.37784
2.085,4.37846
2.086,4.37909
2.087,4.37971
2.088,4.38033
2.089,4.38095
2.09,4.38156
2.091,4.38218
2.092,4.3828
2.093,4.38342
2.094,4.38403
2.095,4.38465
2.096,4.38526
2.097,4.38588
2.098,4.38649
2.099,4.38711
2.1,4.38772
2.101,4.38833
2.102,4.38894
2.103,4.38955
2.104,4.39016
2.105,4.39077
2.106,4.39138
2.107,4.39199
2.108,4.3926
2.109,4.3932
2.11,4.39381
2.111,4.39442
2.112,4.39502
2.113,4.39563
2.114,4.39623
2.115,4.39683
2.116,4.39744
2.117,4.39804
2.118,4.39864
2.119,4.39924
2.12,4.39984
2.121,4.40044
2.122,4.40104
2.123,4.40164
2.124,4.40224
2.125,4.40284
2.126,4.40343
2.127,4.40403
2.128,4.40462
2.129,4.40522
2.13,4.40581
2.131,4.40641
2.132,4.407
2.133,4.40759
2.134,4.40819
2.135,4.40878
2.136,4.40937
2.137,4.40996
2.138,4.41055
2.139,4.41114
2.14,4.41173
2.141,4.41231
2.142,4.4129
2.143,4.41349
2.144,4.41407
2.145,4.41466
2.146,4.41524
2.147,4.41583
2.148,4.41641
2.149,4.417
2.15,4.41758
2.151,4.41816
2.152,4.41874
2.153,4.41932
2.154,4.4199
2.155,4.42048
2.156,4.42106
2.157,4.42164
2.158,4.42222
2.159,4.4228
2.16,4.42337
2.161,4.42395
2.162,4.42453
2.163,4.4251
2.164,4.42568
2.165,4.42625
2.166,4.42682
2.167,4.4274
2.168,4.42797
2.169,4.42854
2.17,4.42911
2.171,4.42968
2.172,4.43025
2.173,4.43082
2.174,4.43139
2.175,4.43196
2.176,4.43253
2.177,4.43309
2.178,4.43366
2.179,4.43423
2.18,4.43479
2.181,4.43536
2.182,4.43592
2.183,4.43649
2.184,4.43705
2.185,4.43761
2.186,4.43817
2.187,4.43873
2.188,4.4393
2.189,4.43986
2.19,4.44042
2.191,4.44098
2.192,4.44153
2.193,4.44209
2.194,4.44265
2.195,4.44321
2.196,4.44376
2.197,4.44432
2.198,4.44488
2.199,4.44543
2.2,4.44598
2.201,4.44654
2.202,4.44709
2.203,4.44764
2.204,4.4482
2.205,4.44875
2.206,4.4493
2.207,4.44985
2.208,4.4504
2.209,4.45095
2.21,4.4515
2.211,4.45204
2.212,4.45259
2.213,4.45314
2.214,4.45369
2.215,4.45423
2.216,4.45478
2.217,4.45532
2.218,4.45587
2.219,4.45641
2.22,4.45695
2.221,4.4575
2.222,4.45804
2.223,4.45858
2.224,4.45912
2.225,4.45966
2.226,4.4602
2.227,4.46074
2.228,4.46128
2.229,4.46182
2.23,4.46236
2.231,4.4629
2.232,4.46343
2.233,4.46397
2.234,4.4645
2.235,4.46504
2.236,4.46557
2.237,4.46611
2.238,4.46664
2.239,4.46717
2.24,4.46771
2.241,4.46824
2.242,4.46877
2.243,4.4693
2.244,4.46983
2.245,4.47036
2.246,4.47089
2.247,4.47142
2.248,4.47195
2.249,4.47248
2.25,4.473
2.251,4.47353
2.252,4.47406
2.253,4.47458
2.254,4.47511
2.255,4.47563
2.256,4.47616
2.257,4.47668
2.258,4.4772
2.259,4.47773
2.26,4.47825
2.261,4.47877
2.262,4.47929
2.263,4.47981
2.264,4.48033
2.265,4.48085
2.266,4.48137
2.267,4.48189
2.268,4.4824
2.269,4.48292
2.27,4.48344
2.271,4.48396
2.272,4.48447
2.273,4.48499
2.274,4.4855
2.275,4.48602
2.276,4.48653
2.277,4.48704
2.278,4.48756
2.279,4.48807
2.28,4.48858
2.281,4.48909
2.282,4.4896
2.283,4.49011
2.284,4.49062
2.285,4.49113
2.286,4.49164
2.287,4.49215
2.288,4.49265
2.289,4.49316
2.29,4.49367
2.291,4.49417
2.292,4.49468
2.293,4.49518
2.294,4.49569
2.295,4.49619
2.296,4.4967
2.297,4.4972
2.298,4.4977
2.299,4.4982
2.3,4.49871
2.301,4.49921
2.302,4.49971
2.303,4.50021
